id,first_name,last_name,email,gender,ip_address
1,Joyous,Greengrass,jgreengrass0@guardian.co.uk,Female,77.182.133.185
2,Phil,McGahey,pmcgahey1@adobe.com,Male,81.86.96.19
3,Casper,Camelin,ccamelin2@typepad.com,Male,248.144.50.220
4,Phillie,Crystal,pcrystal3@umn.edu,Female,149.174.243.200
5,Lammond,Lening,llening4@vk.com,Male,247.245.231.78
6,Joanie,MacClay,jmacclay5@desdev.cn,Polygender,62.115.229.70
7,Oren,Farherty,ofarherty6@washington.edu,Male,91.145.36.58
8,Fayette,Ewins,fewins7@nbcnews.com,Female,28.144.235.116
9,Ailee,Wormstone,awormstone8@networksolutions.com,Agender,2.90.192.214
10,Scotty,Klishin,sklishin9@timesonline.co.uk,Male,214.183.14.172
11,Josi,Gibbe,jgibbea@baidu.com,Female,113.7.41.195
12,Amalie,Immer,aimmerb@census.gov,Female,198.195.189.78
13,Katlin,Bearcroft,kbearcroftc@princeton.edu,Polygender,42.142.172.68
14,Cass,Kirimaa,ckirimaad@netscape.com,Male,11.243.107.242
15,Jens,MacAllister,jmacallistere@github.io,Male,93.5.36.48
16,Mabelle,Reynoollds,mreynoolldsf@newyorker.com,Female,23.65.94.75
17,Ernaline,Wannan,ewannang@ocn.ne.jp,Female,246.27.121.51
18,Andriette,Bjerkan,abjerkanh@apple.com,Female,9.96.54.69
19,Beauregard,Knights,bknightsi@hubpages.com,Polygender,170.233.96.160
20,Roselin,Hoyer,rhoyerj@fc2.com,Female,84.196.5.167
21,Ginevra,Tathacott,gtathacottk@t-online.de,Female,195.63.163.55
22,Ricki,Van Arsdall,rvanarsdalll@reverbnation.com,Genderqueer,247.159.84.117
23,Abby,Greeves,agreevesm@sitemeter.com,Female,231.4.88.24
24,Tracie,Claughton,tclaughtonn@flavors.me,Male,24.231.254.22
25,Eustacia,Swindon,eswindono@google.ca,Female,40.163.102.40
26,Leslie,Jiricka,ljirickap@youku.com,Female,179.58.206.22
27,Aldous,Caslin,acaslinq@unicef.org,Male,194.203.224.248
28,Selma,Grouse,sgrouser@purevolume.com,Female,102.150.135.223
29,Myrtie,Britch,mbritchs@g.co,Female,120.152.154.172
30,Ripley,Malone,rmalonet@sina.com.cn,Male,0.9.248.185
31,Brennen,Gerran,bgerranu@reuters.com,Male,37.254.117.156
32,Tiff,Evans,tevansv@mashable.com,Female,72.56.150.175
33,Maisey,Bending,mbendingw@cdbaby.com,Female,122.89.5.81
34,Rafa,Callington,rcallingtonx@typepad.com,Female,249.135.54.36
35,Celinka,Killelea,ckilleleay@t.co,Female,67.205.37.207
36,Conroy,Weeks,cweeksz@eepurl.com,Male,8.74.172.112
37,Cacilie,Langthorn,clangthorn10@posterous.com,Female,205.115.173.121
38,Nicki,Mosconi,nmosconi11@amazonaws.com,Female,7.56.106.141
39,Chrissy,Gudyer,cgudyer12@vistaprint.com,Female,174.210.105.245
40,Pancho,Eytel,peytel13@fastcompany.com,Male,35.69.130.62
41,Cullen,Brendish,cbrendish14@tamu.edu,Male,171.144.149.11
42,Missy,Matschuk,mmatschuk15@edublogs.org,Female,95.161.36.0
43,Felicity,Whitsey,fwhitsey16@facebook.com,Female,187.4.125.170
44,Howie,Tearny,htearny17@mapquest.com,Genderqueer,80.173.217.150
45,Bil,Proschek,bproschek18@stumbleupon.com,Male,240.188.247.115
46,Rowland,Arnout,rarnout19@163.com,Male,75.179.184.49
47,Dorotea,Mouncey,dmouncey1a@webnode.com,Female,73.205.91.82
48,Annabell,Shacklady,ashacklady1b@360.cn,Female,190.43.57.70
49,Shane,Showte,sshowte1c@dedecms.com,Male,217.163.5.232
50,Brendon,Wildin,bwildin1d@exblog.jp,Male,207.60.151.94
51,Tynan,Bedow,tbedow1e@wix.com,Male,151.40.27.10
52,Corina,Louedey,clouedey1f@flavors.me,Female,162.227.229.15
53,Rodge,Archell,rarchell1g@irs.gov,Male,52.62.117.141
54,Angelina,Manuaud,amanuaud1h@nps.gov,Female,240.226.150.73
55,Brittne,Sanpere,bsanpere1i@biglobe.ne.jp,Female,85.148.96.207
56,Vinni,Dublin,vdublin1j@privacy.gov.au,Female,167.247.153.186
57,Suzanne,Antonio,santonio1k@forbes.com,Female,190.81.246.249
58,Becka,Bruhnsen,bbruhnsen1l@ihg.com,Female,36.176.186.118
59,Delcine,Rudolf,drudolf1m@plala.or.jp,Female,59.63.117.28
60,Alf,Bullock,abullock1n@scientificamerican.com,Male,72.234.215.236
61,Shandee,Babcock,sbabcock1o@army.mil,Female,9.192.251.51
62,Latrina,Lilliman,llilliman1p@uol.com.br,Female,192.195.113.130
63,Steffi,Hawick,shawick1q@icio.us,Female,114.112.189.202
64,Astra,Treske,atreske1r@slashdot.org,Genderqueer,142.22.179.75
65,Stanford,Bubb,sbubb1s@illinois.edu,Male,57.66.148.60
66,Rivy,Frensche,rfrensche1t@tamu.edu,Female,202.137.143.12
67,Gasparo,Kermitt,gkermitt1u@gmpg.org,Male,162.202.135.39
68,Carlie,Hudless,chudless1v@theglobeandmail.com,Male,24.19.53.33
69,Chick,Dooman,cdooman1w@gmpg.org,Male,75.60.44.172
70,Stanley,Lennard,slennard1x@surveymonkey.com,Male,91.12.67.181
71,Duke,Weson,dweson1y@microsoft.com,Genderfluid,68.233.252.202
72,Codee,Keyworth,ckeyworth1z@elpais.com,Female,167.85.211.19
73,Marietta,Giraudot,mgiraudot20@php.net,Male,52.95.43.52
74,Eleanor,Caulder,ecaulder21@hud.gov,Female,115.18.183.77
75,Jerome,MacAndreis,jmacandreis22@yandex.ru,Male,195.243.105.199
76,Frederico,Rainbird,frainbird23@twitpic.com,Male,137.109.91.170
77,Federico,Mulqueen,fmulqueen24@auda.org.au,Male,250.251.189.198
78,Jermayne,Boutflour,jboutflour25@goodreads.com,Male,97.249.208.211
79,Patrica,Piken,ppiken26@storify.com,Female,187.152.69.13
80,Lyon,Lamlin,llamlin27@google.co.uk,Male,102.106.42.60
81,Odessa,Water,owater28@discuz.net,Female,151.5.146.108
82,Lulu,Sweedland,lsweedland29@statcounter.com,Female,196.153.40.49
83,Elmira,Shorie,eshorie2a@mysql.com,Polygender,211.167.201.150
84,Kaela,Thurnham,kthurnham2b@sitemeter.com,Female,184.59.129.45
85,Tandie,Muirhead,tmuirhead2c@simplemachines.org,Female,152.38.47.70
86,Michael,Pennick,mpennick2d@nifty.com,Male,168.232.95.69
87,Gusella,Abbis,gabbis2e@cbsnews.com,Female,162.159.202.94
88,Read,Ganniclifft,rganniclifft2f@mac.com,Male,237.203.195.89
89,Vivie,Stouther,vstouther2g@dailymotion.com,Female,145.165.122.17
90,Faustine,Lashmore,flashmore2h@eventbrite.com,Non-binary,130.62.227.181
91,Jaime,de Castelain,jdecastelain2i@domainmarket.com,Male,164.169.233.184
92,Hill,McKelloch,hmckelloch2j@toplist.cz,Non-binary,192.249.252.34
93,Fawn,Gabitis,fgabitis2k@opensource.org,Female,74.182.245.55
94,Myrvyn,Smitham,msmitham2l@oracle.com,Male,231.214.9.156
95,Joscelin,McGown,jmcgown2m@edublogs.org,Female,153.38.55.0
96,Quintina,Boman,qboman2n@360.cn,Female,75.249.131.72
97,Wendy,Imm,wimm2o@dedecms.com,Female,208.21.126.56
98,Angelique,Mc Meekin,amcmeekin2p@twitter.com,Female,193.29.201.183
99,Andi,Ellit,aellit2q@buzzfeed.com,Female,98.124.56.140
100,Gustave,Corbyn,gcorbyn2r@squarespace.com,Male,83.107.167.158
101,Bobby,Milroy,bmilroy2s@geocities.com,Male,220.70.240.43
102,Gianina,Cordeix,gcordeix2t@wikimedia.org,Female,37.249.76.185
103,Nicolai,Stang-Gjertsen,nstanggjertsen2u@naver.com,Male,114.90.190.73
104,Jephthah,O' Scallan,joscallan2v@friendfeed.com,Male,31.150.167.86
105,Carlin,McVeigh,cmcveigh2w@hibu.com,Male,100.236.226.97
106,Kristi,Island,kisland2x@istockphoto.com,Agender,211.50.89.60
107,Jaquith,Bernth,jbernth2y@1und1.de,Female,183.223.194.218
108,Philippine,McClinton,pmcclinton2z@mashable.com,Female,80.207.141.0
109,Sheilakathryn,Badger,sbadger30@t.co,Female,15.67.15.43
110,Essie,Brotherheed,ebrotherheed31@techcrunch.com,Female,231.17.135.44
111,Nelson,Endicott,nendicott32@homestead.com,Male,248.177.250.179
112,Alix,Moulder,amoulder33@sfgate.com,Genderfluid,47.216.78.3
113,Josefina,Klaggeman,jklaggeman34@google.ca,Female,66.24.72.191
114,Arly,Sigg,asigg35@usa.gov,Female,211.80.83.80
115,Lyndell,Dinneen,ldinneen36@barnesandnoble.com,Female,145.137.0.230
116,Shem,Pendock,spendock37@dedecms.com,Male,50.91.165.54
117,Vale,Emlyn,vemlyn38@si.edu,Male,203.124.130.162
118,Tera,Whitham,twhitham39@nasa.gov,Female,132.186.116.55
119,Cati,Lethem,clethem3a@360.cn,Female,79.70.210.106
120,Kessia,MacGowan,kmacgowan3b@domainmarket.com,Polygender,49.51.180.96
121,Job,Breckin,jbreckin3c@bing.com,Male,210.10.238.117
122,Wolfie,Nardrup,wnardrup3d@lycos.com,Male,8.69.223.4
123,Deedee,Follacaro,dfollacaro3e@devhub.com,Female,70.16.241.31
124,Elnora,Vannikov,evannikov3f@google.pl,Female,124.111.106.155
125,Earl,Losseljong,elosseljong3g@people.com.cn,Male,111.233.38.47
126,Clerissa,Hallam,challam3h@blogger.com,Female,210.129.20.243
127,Michaella,Gleave,mgleave3i@shareasale.com,Agender,124.199.6.226
128,Glenden,Earingey,gearingey3j@addthis.com,Male,183.207.148.68
129,Harriette,Boon,hboon3k@ovh.net,Female,165.179.123.31
130,Elfrieda,Silley,esilley3l@blog.com,Bigender,112.95.105.41
131,Rochella,Jess,rjess3m@weibo.com,Female,113.39.91.62
132,Cull,Fozard,cfozard3n@usnews.com,Male,204.96.11.241
133,Robbin,Liven,rliven3o@reference.com,Female,247.196.115.75
134,Euphemia,Jonk,ejonk3p@bbc.co.uk,Female,148.173.210.59
135,Klement,Ledrun,kledrun3q@de.vu,Male,158.45.252.156
136,Carleton,Bedin,cbedin3r@ow.ly,Male,128.224.66.210
137,Caz,Deverille,cdeverille3s@csmonitor.com,Male,84.87.172.128
138,Christiano,Ravilious,cravilious3t@smugmug.com,Male,36.71.153.167
139,Dov,Feldfisher,dfeldfisher3u@house.gov,Male,203.161.64.190
140,Marie-jeanne,Stailey,mstailey3v@cbsnews.com,Female,60.51.51.87
141,Ellerey,Tilne,etilne3w@japanpost.jp,Male,87.65.114.29
142,Zondra,Gosneye,zgosneye3x@slate.com,Female,77.128.79.218
143,Mommy,Belchem,mbelchem3y@home.pl,Genderfluid,49.44.89.95
144,Ebeneser,Kinworthy,ekinworthy3z@dyndns.org,Male,194.59.18.183
145,Benton,Serrels,bserrels40@about.me,Male,87.243.89.72
146,Pammi,Batteson,pbatteson41@tuttocitta.it,Female,249.209.189.239
147,Claybourne,Sacker,csacker42@newsvine.com,Polygender,187.182.56.42
148,Jaclin,Nestoruk,jnestoruk43@privacy.gov.au,Female,33.202.138.18
149,Stefanie,MacNucator,smacnucator44@tiny.cc,Non-binary,78.101.11.152
150,Phip,Kollaschek,pkollaschek45@wikipedia.org,Male,14.110.244.31
151,Barbara,Andreou,bandreou46@quantcast.com,Female,145.190.122.54
152,Kile,Pocknell,kpocknell47@shutterfly.com,Male,58.144.104.22
153,Foss,McShea,fmcshea48@imgur.com,Male,3.220.217.181
154,Katalin,Lowy,klowy49@smh.com.au,Female,236.80.159.242
155,Courtnay,Hurles,churles4a@craigslist.org,Male,49.1.183.217
156,Alexandra,Branch,abranch4b@simplemachines.org,Female,183.204.38.8
157,Eloise,Cozzi,ecozzi4c@geocities.jp,Female,53.31.251.164
158,Falkner,Vanin,fvanin4d@hugedomains.com,Male,77.217.202.4
159,Donny,Capaldi,dcapaldi4e@boston.com,Male,89.13.220.252
160,Nance,Domerque,ndomerque4f@tiny.cc,Female,106.240.221.123
161,Judy,Delia,jdelia4g@gov.uk,Female,191.202.84.181
162,Kasper,Morling,kmorling4h@ucoz.ru,Male,21.11.8.74
163,Mela,McKernon,mmckernon4i@aol.com,Bigender,174.215.242.2
164,Angelle,Nutkin,anutkin4j@sciencedaily.com,Female,20.36.177.51
165,Hazlett,Rawles,hrawles4k@aol.com,Male,58.11.68.63
166,Muffin,Venning,mvenning4l@netscape.com,Male,215.101.219.229
167,Fifi,Roswarne,froswarne4m@netlog.com,Female,164.59.65.245
168,Berta,Tarbett,btarbett4n@wsj.com,Female,14.92.192.212
169,Melantha,Domaschke,mdomaschke4o@deliciousdays.com,Female,85.121.166.232
170,Jillane,Janecki,jjanecki4p@moonfruit.com,Female,78.152.131.4
171,Quinton,McGaughay,qmcgaughay4q@godaddy.com,Bigender,154.47.146.95
172,Ari,Pothbury,apothbury4r@freewebs.com,Male,24.100.130.89
173,Dulcie,Eilhermann,deilhermann4s@arizona.edu,Female,63.61.149.115
174,Stormy,Volett,svolett4t@sina.com.cn,Female,31.80.65.238
175,Tadio,Boost,tboost4u@linkedin.com,Polygender,60.243.116.62
176,Damian,Vinson,dvinson4v@wikimedia.org,Male,241.1.199.124
177,Marcelia,Dimblebee,mdimblebee4w@businesswire.com,Female,233.10.87.121
178,Annamaria,Cassella,acassella4x@imgur.com,Female,97.119.130.243
179,Davy,Hurt,dhurt4y@home.pl,Male,83.230.181.206
180,Tracie,Melia,tmelia4z@nba.com,Male,167.53.106.71
181,Vida,Banghe,vbanghe50@google.ca,Female,45.81.162.203
182,Newton,Poad,npoad51@themeforest.net,Non-binary,45.39.20.100
183,Johan,Izakov,jizakov52@cornell.edu,Male,135.210.165.186
184,Munmro,Bisset,mbisset53@phoca.cz,Male,19.196.212.215
185,Rod,O' Donohoe,rodonohoe54@usnews.com,Male,237.112.164.161
186,Adda,Cosans,acosans55@clickbank.net,Genderfluid,35.236.187.112
187,Reinhold,Schulze,rschulze56@bing.com,Male,163.246.165.148
188,Mahmud,Bracer,mbracer57@google.ca,Male,127.29.102.74
189,Deeann,Shaylor,dshaylor58@bandcamp.com,Female,57.179.121.81
190,Nonie,Balham,nbalham59@lulu.com,Female,177.198.179.4
191,Thom,Tumilson,ttumilson5a@java.com,Male,209.15.154.176
192,Franciska,Hember,fhember5b@theatlantic.com,Female,155.155.89.1
193,Gill,Storr,gstorr5c@aol.com,Male,230.61.27.43
194,Prissie,Hindsberg,phindsberg5d@163.com,Female,145.44.180.70
195,Irwinn,Colt,icolt5e@buzzfeed.com,Male,227.144.99.28
196,Cristi,Behning,cbehning5f@dmoz.org,Genderfluid,3.95.26.48
197,Nancey,Stonehewer,nstonehewer5g@cmu.edu,Female,172.195.27.104
198,Twila,Date,tdate5h@indiatimes.com,Female,224.101.33.66
199,Peta,Pride,ppride5i@reddit.com,Female,5.65.140.134
200,Sanford,O'Corrane,socorrane5j@theatlantic.com,Male,251.208.82.125
201,Napoleon,Jiggen,njiggen5k@mozilla.org,Male,230.153.240.137
202,Elisabet,Hiner,ehiner5l@ask.com,Female,12.220.156.209
203,Alyosha,Boulter,aboulter5m@mediafire.com,Agender,65.178.200.108
204,Hagen,Fenne,hfenne5n@ocn.ne.jp,Male,146.157.81.23
205,Bendix,Scholefield,bscholefield5o@google.it,Male,198.235.151.132
206,Yank,Crickmer,ycrickmer5p@joomla.org,Polygender,76.93.184.211
207,Wade,Covendon,wcovendon5q@pinterest.com,Genderqueer,54.30.191.185
208,Talia,Switland,tswitland5r@pinterest.com,Female,33.229.55.121
209,Edgardo,Wapplington,ewapplington5s@ask.com,Male,77.99.33.143
210,Baryram,Cogley,bcogley5t@tinyurl.com,Male,79.54.115.48
211,Korie,Griffey,kgriffey5u@theglobeandmail.com,Female,81.148.52.115
212,Lexy,Marsters,lmarsters5v@webnode.com,Bigender,101.109.8.99
213,Reinhold,Salzburg,rsalzburg5w@posterous.com,Male,93.90.119.195
214,Johny,Inkles,jinkles5x@wix.com,Male,235.15.82.234
215,Rafi,Connechie,rconnechie5y@jalbum.net,Male,242.72.117.250
216,Terrie,Emerson,temerson5z@bravesites.com,Female,130.193.62.53
217,Chiquita,Maffione,cmaffione60@loc.gov,Female,54.81.18.44
218,Wenonah,Ingle,wingle61@sohu.com,Female,56.24.17.153
219,Rinaldo,Peyntue,rpeyntue62@theatlantic.com,Male,65.102.140.109
220,Cornell,Iglesia,ciglesia63@ebay.com,Male,53.80.123.25
221,Major,Hargrave,mhargrave64@so-net.ne.jp,Male,80.90.107.9
222,Sancho,Kienlein,skienlein65@utexas.edu,Male,162.1.63.2
223,Charmaine,Teodoro,cteodoro66@wikispaces.com,Non-binary,167.15.39.246
224,Gradey,Sollowaye,gsollowaye67@sohu.com,Male,156.188.246.140
225,Editha,Pottie,epottie68@timesonline.co.uk,Female,118.30.83.161
226,Daryn,Vaux,dvaux69@alexa.com,Female,142.116.178.253
227,Harli,Connachan,hconnachan6a@japanpost.jp,Female,27.231.15.184
228,Boonie,Liccardo,bliccardo6b@who.int,Male,155.58.54.213
229,Shurlock,Waplinton,swaplinton6c@altervista.org,Male,66.155.0.111
230,Jayme,Greensmith,jgreensmith6d@cisco.com,Male,6.236.181.84
231,Frazier,Knipe,fknipe6e@51.la,Male,42.76.165.244
232,Salvador,Wurz,swurz6f@huffingtonpost.com,Bigender,140.121.250.105
233,Preston,Tett,ptett6g@networkadvertising.org,Male,113.94.92.166
234,Maud,Baddeley,mbaddeley6h@abc.net.au,Female,3.147.126.203
235,Nata,Veldens,nveldens6i@flavors.me,Female,155.167.238.222
236,Barton,Lathee,blathee6j@ft.com,Male,86.164.138.96
237,Earlie,Southon,esouthon6k@arstechnica.com,Male,136.155.108.160
238,Graig,Somersett,gsomersett6l@skyrock.com,Male,172.213.41.26
239,Vin,Tichner,vtichner6m@aboutads.info,Male,112.4.178.55
240,Rutledge,Boulde,rboulde6n@ucla.edu,Male,89.15.5.124
241,Kirsti,Longwood,klongwood6o@businessweek.com,Female,32.44.176.252
242,Fey,Heyfield,fheyfield6p@gmpg.org,Non-binary,210.249.29.160
243,Sacha,Malletratt,smalletratt6q@1und1.de,Female,161.145.134.145
244,Cissy,Dobbin,cdobbin6r@typepad.com,Female,246.246.208.49
245,Britni,Guilloux,bguilloux6s@canalblog.com,Female,43.226.160.130
246,Maurene,Sturr,msturr6t@printfriendly.com,Female,212.47.91.136
247,Maryjane,Mordanti,mmordanti6u@t.co,Female,164.233.87.141
248,Quintina,Hultberg,qhultberg6v@exblog.jp,Female,193.126.178.90
249,Arnuad,Oddboy,aoddboy6w@macromedia.com,Male,95.51.115.238
250,Devin,Olin,dolin6x@bloglines.com,Female,23.184.201.99
251,Stacee,Houtby,shoutby6y@comsenz.com,Female,107.243.95.4
252,Olga,O'Mannion,oomannion6z@dmoz.org,Female,219.21.115.124
253,Melosa,Rymell,mrymell70@hexun.com,Female,252.151.116.45
254,Hanni,Grishinov,hgrishinov71@google.ca,Female,133.232.161.132
255,Zane,Absalom,zabsalom72@dailymail.co.uk,Male,105.23.150.85
256,Jonis,Jeffes,jjeffes73@wikimedia.org,Non-binary,67.93.210.29
257,Clary,Heskey,cheskey74@nydailynews.com,Non-binary,195.36.147.127
258,Inger,Selman,iselman75@marketwatch.com,Male,48.187.25.129
259,Baxy,Quadri,bquadri76@weebly.com,Male,144.194.131.170
260,Jakob,Plumbley,jplumbley77@qq.com,Male,139.6.206.114
261,Virge,Gilbart,vgilbart78@g.co,Male,52.48.15.50
262,Pip,Perl,pperl79@bravesites.com,Male,234.234.186.130
263,Tomkin,Van de Velde,tvandevelde7a@unblog.fr,Male,108.254.182.111
264,Kristine,Crewe,kcrewe7b@jugem.jp,Female,131.25.24.181
265,Homerus,Gerb,hgerb7c@51.la,Male,214.123.177.32
266,Sampson,Rawling,srawling7d@usgs.gov,Male,249.68.125.91
267,Rayna,Bellwood,rbellwood7e@csmonitor.com,Female,223.28.24.38
268,Enrico,Butfield,ebutfield7f@nsw.gov.au,Male,122.105.80.94
269,Rodge,Davson,rdavson7g@networksolutions.com,Male,32.69.187.246
270,Page,Espadero,pespadero7h@wunderground.com,Female,194.109.76.44
271,Irv,Doolan,idoolan7i@vkontakte.ru,Male,119.176.16.87
272,Trey,Tutt,ttutt7j@printfriendly.com,Polygender,20.93.175.82
273,Adaline,Flaxon,aflaxon7k@163.com,Female,183.40.114.31
274,Frederico,Linnell,flinnell7l@wisc.edu,Male,195.103.185.24
275,Sabrina,Dunstall,sdunstall7m@nyu.edu,Female,48.83.96.62
276,Barrett,Grouen,bgrouen7n@dagondesign.com,Male,254.106.242.252
277,Ransell,Bathoe,rbathoe7o@guardian.co.uk,Male,159.245.82.89
278,Payton,Hadlow,phadlow7p@pagesperso-orange.fr,Male,219.197.15.114
279,Alphonse,Wadwell,awadwell7q@nytimes.com,Male,177.123.150.149
280,Lisette,Reubens,lreubens7r@apache.org,Female,218.10.225.12
281,Hermon,Lowre,hlowre7s@vk.com,Male,241.114.62.72
282,Bertrando,Brazil,bbrazil7t@pen.io,Male,82.189.172.47
283,Sigvard,Bote,sbote7u@goo.ne.jp,Male,166.138.104.9
284,Forester,Ulrik,fulrik7v@ezinearticles.com,Male,81.123.14.183
285,Thaddeus,Wisson,twisson7w@github.com,Male,177.136.171.93
286,Cyrillus,Spata,cspata7x@zdnet.com,Male,229.170.65.244
287,Ariadne,Wigg,awigg7y@fda.gov,Female,125.252.138.173
288,Dede,Doctor,ddoctor7z@xrea.com,Female,242.251.242.116
289,Ginger,Rumsey,grumsey80@naver.com,Male,69.200.253.229
290,Ford,Cartlidge,fcartlidge81@house.gov,Male,35.45.19.90
291,Galina,Tonge,gtonge82@sciencedaily.com,Female,80.35.192.232
292,Friedrich,Ashford,fashford83@nasa.gov,Male,218.119.158.217
293,Thomas,Seydlitz,tseydlitz84@biglobe.ne.jp,Male,36.113.204.77
294,Hunt,Fletham,hfletham85@github.io,Male,187.245.97.235
295,Matthieu,Sawkin,msawkin86@scribd.com,Male,84.145.157.177
296,Jase,Ayers,jayers87@ebay.com,Genderfluid,94.239.227.26
297,Cissiee,Gannicott,cgannicott88@howstuffworks.com,Agender,112.19.109.49
298,Kippie,Mates,kmates89@shutterfly.com,Female,118.37.31.244
299,Kurtis,Bahl,kbahl8a@dropbox.com,Male,42.61.24.183
300,Ulises,Bromell,ubromell8b@mediafire.com,Male,173.232.134.237
301,Massimo,Rathke,mrathke8c@ocn.ne.jp,Male,67.216.211.159
302,Aharon,Bleakley,ableakley8d@newyorker.com,Male,121.190.170.213
303,Alena,Alstead,aalstead8e@ocn.ne.jp,Female,162.107.54.194
304,Aylmar,Hutchinson,ahutchinson8f@nifty.com,Male,112.83.83.65
305,Annette,Arnaudin,aarnaudin8g@com.com,Female,75.142.77.165
306,Reta,Moralee,rmoralee8h@oakley.com,Female,203.143.79.122
307,Alonso,Sheppard,asheppard8i@scribd.com,Male,58.27.150.53
308,Cathy,Sievewright,csievewright8j@ow.ly,Female,186.171.193.96
309,Garv,Schroeder,gschroeder8k@google.com.br,Male,55.158.248.26
310,Sallie,Alsobrook,salsobrook8l@ezinearticles.com,Female,124.80.131.32
311,Alia,Chinnock,achinnock8m@youku.com,Female,0.174.182.90
312,Ara,Frearson,afrearson8n@linkedin.com,Male,102.84.55.185
313,Fanya,Varian,fvarian8o@webnode.com,Non-binary,202.49.201.148
314,Gladi,Wealthall,gwealthall8p@myspace.com,Genderqueer,119.159.129.191
315,Dorita,Scogings,dscogings8q@pbs.org,Female,135.26.163.21
316,Eamon,Franzoli,efranzoli8r@patch.com,Bigender,152.195.136.41
317,Keith,Peatheyjohns,kpeatheyjohns8s@hibu.com,Male,109.39.53.228
318,Shari,Kayley,skayley8t@issuu.com,Female,0.165.190.151
319,Bertha,Antusch,bantusch8u@desdev.cn,Bigender,145.34.244.190
320,Aldus,Frye,afrye8v@netlog.com,Male,252.15.204.4
321,Fonsie,Aloshechkin,faloshechkin8w@fastcompany.com,Male,91.249.78.116
322,Duffy,Sommerfeld,dsommerfeld8x@4shared.com,Male,146.212.31.243
323,Agnella,McGlade,amcglade8y@cornell.edu,Female,81.88.79.88
324,Cherie,Geindre,cgeindre8z@independent.co.uk,Female,31.115.55.124
325,Leanna,Attac,lattac90@ucla.edu,Female,83.232.93.165
326,Geoffrey,Prester,gprester91@economist.com,Male,78.131.176.118
327,Pacorro,Quarry,pquarry92@msu.edu,Bigender,128.169.30.19
328,Ginevra,Smaleman,gsmaleman93@gravatar.com,Female,113.10.4.242
329,Willy,Smitheram,wsmitheram94@xing.com,Male,64.21.153.62
330,Pancho,Lefwich,plefwich95@goodreads.com,Agender,52.242.154.26
331,Lianne,Emer,lemer96@homestead.com,Female,171.85.35.228
332,Theadora,Meric,tmeric97@skype.com,Female,152.127.234.237
333,Maxim,Marlowe,mmarlowe98@vistaprint.com,Male,87.71.78.113
334,Jasun,Matskevich,jmatskevich99@gravatar.com,Male,152.146.210.205
335,Onofredo,Hurling,ohurling9a@addthis.com,Male,162.120.25.14
336,Essie,Wragg,ewragg9b@telegraph.co.uk,Female,189.89.166.240
337,Armand,Whitlaw,awhitlaw9c@google.pl,Male,77.18.83.118
338,Mathilda,Emilien,memilien9d@zdnet.com,Genderqueer,194.185.189.128
339,Maxie,Gounet,mgounet9e@deviantart.com,Non-binary,114.140.78.138
340,Bern,Cawdell,bcawdell9f@geocities.jp,Male,140.111.202.198
341,Morry,Osipov,mosipov9g@shop-pro.jp,Male,23.160.62.17
342,Harp,Sifleet,hsifleet9h@cmu.edu,Male,213.141.122.166
343,Buddy,Burrage,bburrage9i@imgur.com,Male,242.44.34.75
344,Mercedes,Rymer,mrymer9j@networkadvertising.org,Female,197.66.110.52
345,Fair,Deverose,fdeverose9k@hubpages.com,Male,40.86.87.164
346,Marv,Robatham,mrobatham9l@sbwire.com,Male,185.246.242.225
347,Roseline,Coogan,rcoogan9m@geocities.jp,Female,201.53.54.47
348,Gena,Tiffney,gtiffney9n@indiatimes.com,Female,197.145.38.6
349,Freeman,St. Hill,fsthill9o@parallels.com,Male,182.114.15.174
350,Reeba,Wheble,rwheble9p@stanford.edu,Genderfluid,138.199.179.131
351,Birdie,Winterson,bwinterson9q@nih.gov,Female,87.62.200.83
352,Pavla,Oolahan,poolahan9r@spiegel.de,Female,239.183.19.19
353,Peggi,Baudichon,pbaudichon9s@facebook.com,Genderqueer,57.169.150.252
354,Agneta,Jeffcoat,ajeffcoat9t@ihg.com,Female,108.225.207.206
355,Joya,Tinham,jtinham9u@altervista.org,Female,70.83.18.59
356,Gerard,Cribbins,gcribbins9v@bloomberg.com,Male,205.76.114.236
357,Romola,Maryman,rmaryman9w@chronoengine.com,Female,185.6.64.85
358,Farrah,Lorking,florking9x@cnbc.com,Female,21.182.49.80
359,Abbey,Sealey,asealey9y@google.es,Male,74.99.2.245
360,Pauletta,Tee,ptee9z@dailymail.co.uk,Non-binary,40.182.249.82
361,Corie,Bench,cbencha0@seesaa.net,Female,87.67.213.191
362,Angelo,Glencrosche,aglencroschea1@wiley.com,Male,58.21.114.119
363,Craig,Merton,cmertona2@auda.org.au,Genderqueer,96.235.98.125
364,Garrard,Bauldry,gbauldrya3@indiegogo.com,Male,45.2.90.162
365,Franz,McGilvray,fmcgilvraya4@nytimes.com,Male,131.127.24.216
366,Emalee,Sauvan,esauvana5@google.fr,Female,43.125.82.154
367,Kellyann,Sharer,ksharera6@acquirethisname.com,Female,17.0.116.232
368,Woodrow,Drury,wdrurya7@jalbum.net,Male,231.24.91.136
369,Marius,Isard,misarda8@cdbaby.com,Male,170.73.96.178
370,Ryan,Jerson,rjersona9@histats.com,Male,137.79.191.15
371,Georgette,Lionel,glionelaa@slashdot.org,Female,24.122.248.93
372,Garwin,Gartan,ggartanab@forbes.com,Male,245.4.174.67
373,Rosamond,Abraham,rabrahamac@issuu.com,Female,180.128.220.231
374,Simona,Spraberry,sspraberryad@guardian.co.uk,Female,187.100.237.173
375,Cass,Spadari,cspadariae@netvibes.com,Female,76.184.9.78
376,Adler,Muino,amuinoaf@nydailynews.com,Male,175.135.232.254
377,Doralia,Gayton,dgaytonag@mayoclinic.com,Female,148.233.37.27
378,Laurie,Spikings,lspikingsah@ucla.edu,Male,233.161.124.243
379,Tammy,Wickenden,twickendenai@rediff.com,Male,75.215.66.15
380,Niles,Erington,neringtonaj@cnn.com,Male,205.1.75.75
381,Britte,Stellman,bstellmanak@vistaprint.com,Female,187.129.227.114
382,Gwyneth,Sharvell,gsharvellal@yahoo.com,Female,204.138.198.164
383,Matthieu,Harker,mharkeram@google.com,Male,53.235.37.69
384,Michel,Dadson,mdadsonan@forbes.com,Male,239.65.118.133
385,Bard,Wardall,bwardallao@tmall.com,Male,202.183.43.27
386,Phillipe,Steers,psteersap@sciencedaily.com,Male,37.168.180.248
387,Thomasina,Louca,tloucaaq@oaic.gov.au,Non-binary,86.43.248.68
388,Anthony,Barby,abarbyar@nbcnews.com,Male,238.11.58.157
389,Cecilio,Corbridge,ccorbridgeas@youtube.com,Male,99.93.147.90
390,Zacherie,Bygrave,zbygraveat@amazon.co.uk,Male,92.100.153.161
391,Brody,Wildman,bwildmanau@who.int,Male,174.14.222.144
392,Bria,Brumhead,bbrumheadav@plala.or.jp,Female,37.132.56.39
393,Judy,Poluzzi,jpoluzziaw@ycombinator.com,Female,203.31.46.223
394,Mathe,Coppin,mcoppinax@desdev.cn,Male,72.170.253.139
395,Iggie,Niece,inieceay@vistaprint.com,Male,152.189.104.131
396,Mitch,Mackerness,mmackernessaz@discuz.net,Male,32.197.128.64
397,Matti,Dikle,mdikleb0@smh.com.au,Female,147.2.35.58
398,Sharl,Yakovliv,syakovlivb1@berkeley.edu,Female,91.125.71.53
399,Filip,Wilsee,fwilseeb2@aol.com,Male,195.131.107.126
400,Diena,Phillp,dphillpb3@digg.com,Female,18.68.238.70
401,Murvyn,MacAulay,mmacaulayb4@whitehouse.gov,Male,237.121.45.118
402,Jaynell,Vannet,jvannetb5@cargocollective.com,Female,251.136.101.80
403,Donella,Edgeler,dedgelerb6@japanpost.jp,Female,35.120.96.137
404,Darryl,Skurm,dskurmb7@wired.com,Male,42.121.34.244
405,Cosimo,Henderson,chendersonb8@stumbleupon.com,Male,201.52.212.89
406,Kanya,Spere,kspereb9@blogspot.com,Female,193.187.1.83
407,Trace,Stennine,tstennineba@google.fr,Male,96.224.105.178
408,Grazia,McGerraghty,gmcgerraghtybb@themeforest.net,Bigender,63.148.4.216
409,Charline,Schutze,cschutzebc@amazon.com,Female,76.83.90.188
410,Corrie,Reoch,creochbd@dailymotion.com,Male,53.108.166.6
411,Liza,Trassler,ltrasslerbe@tiny.cc,Female,117.69.226.30
412,West,Gerok,wgerokbf@alexa.com,Male,23.52.5.148
413,Vyky,Hayland,vhaylandbg@mozilla.com,Female,129.153.139.147
414,Armstrong,Covert,acovertbh@tripadvisor.com,Male,112.127.229.112
415,Weider,Hartless,whartlessbi@angelfire.com,Male,68.146.77.75
416,Jarret,MacArthur,jmacarthurbj@cloudflare.com,Male,19.196.235.14
417,Muhammad,Gronav,mgronavbk@hibu.com,Male,193.82.28.36
418,Patin,Aloigi,paloigibl@deliciousdays.com,Genderfluid,81.20.235.230
419,Avis,Watkin,awatkinbm@nsw.gov.au,Female,65.34.53.120
420,Isidor,Scinelli,iscinellibn@lycos.com,Agender,204.27.115.1
421,Rodrick,Tasker,rtaskerbo@techcrunch.com,Genderqueer,95.52.28.198
422,Broderic,Pendre,bpendrebp@goodreads.com,Male,176.68.154.253
423,Jo-anne,Mewrcik,jmewrcikbq@moonfruit.com,Female,141.45.68.34
424,Lorna,Addionizio,laddioniziobr@issuu.com,Female,244.191.123.105
425,Lucine,Sissens,lsissensbs@chronoengine.com,Female,47.217.108.54
426,Sullivan,Pendrey,spendreybt@xinhuanet.com,Male,211.94.144.133
427,Elspeth,Ivanishev,eivanishevbu@stumbleupon.com,Female,202.130.145.112
428,Dieter,Weatherby,dweatherbybv@auda.org.au,Male,144.203.127.117
429,Robinia,Di Ruggiero,rdiruggierobw@1und1.de,Female,77.124.157.158
430,Madelyn,Slimon,mslimonbx@state.tx.us,Female,5.46.102.56
431,Sonny,Cannings,scanningsby@cdbaby.com,Female,176.180.244.47
432,Marin,Sturror,msturrorbz@issuu.com,Female,201.212.234.175
433,Billy,Casserly,bcasserlyc0@google.es,Female,63.25.201.119
434,Lavinie,Hartup,lhartupc1@nhs.uk,Female,72.239.153.212
435,Maureen,Normanell,mnormanellc2@cnn.com,Female,108.97.158.252
436,Rania,Kilday,rkildayc3@ihg.com,Female,13.225.182.137
437,Giulio,Walch,gwalchc4@flavors.me,Male,239.138.189.130
438,Hanan,Ladlow,hladlowc5@aol.com,Male,142.79.207.48
439,Jodi,Klima,jklimac6@qq.com,Female,91.54.158.136
440,Tyne,Solomon,tsolomonc7@blogtalkradio.com,Female,126.75.121.194
441,Ardyce,Gianuzzi,agianuzzic8@smugmug.com,Female,22.63.149.192
442,Natale,Sharma,nsharmac9@usgs.gov,Male,82.187.125.5
443,Cazzie,Philps,cphilpsca@hubpages.com,Male,193.245.5.143
444,Pia,Heggadon,pheggadoncb@earthlink.net,Female,98.181.142.205
445,Darb,Turbern,dturberncc@stumbleupon.com,Male,69.40.170.204
446,Meriel,Mundie,mmundiecd@virginia.edu,Female,146.115.154.139
447,Derward,Vasilyonok,dvasilyonokce@meetup.com,Male,156.54.99.40
448,Debra,Rothermel,drothermelcf@wired.com,Female,167.213.24.4
449,Arda,Leidl,aleidlcg@sphinn.com,Female,51.63.198.144
450,Cathie,O'Meara,comearach@pinterest.com,Female,53.192.110.254
451,Desdemona,Ellaway,dellawayci@census.gov,Female,28.82.198.89
452,Darelle,Sleith,dsleithcj@themeforest.net,Female,230.17.48.216
453,Carrol,McTeggart,cmcteggartck@harvard.edu,Male,40.48.185.66
454,Ronny,Gillmor,rgillmorcl@dedecms.com,Male,23.205.117.97
455,Reta,Formby,rformbycm@comcast.net,Female,14.120.97.234
456,Tomkin,Roser,trosercn@eventbrite.com,Male,218.178.93.140
457,Rici,Kobpac,rkobpacco@godaddy.com,Female,23.233.95.171
458,Rasla,Morford,rmorfordcp@google.ca,Female,176.176.84.47
459,Flo,Yeliashev,fyeliashevcq@live.com,Female,218.216.215.227
460,Bobine,Harris,bharriscr@bizjournals.com,Bigender,165.194.183.16
461,Hanson,Crowhurst,hcrowhurstcs@addthis.com,Male,144.32.40.13
462,Bonnee,Erington,beringtonct@foxnews.com,Female,14.254.46.47
463,Josh,Wynett,jwynettcu@walmart.com,Male,166.177.66.17
464,Anson,Herculeson,aherculesoncv@samsung.com,Male,217.228.51.130
465,Alley,Tigwell,atigwellcw@comcast.net,Male,207.229.219.176
466,Newton,D'Enrico,ndenricocx@is.gd,Male,70.182.24.141
467,Kristin,Itzkovwich,kitzkovwichcy@youtube.com,Female,139.109.14.27
468,Catha,Romke,cromkecz@hp.com,Female,111.237.98.246
469,Corbet,Branca,cbrancad0@buzzfeed.com,Male,185.141.133.145
470,Mathe,Nelles,mnellesd1@quantcast.com,Male,69.186.65.88
471,Anabella,Everett,aeverettd2@privacy.gov.au,Female,246.57.12.231
472,Rasla,Veevers,rveeversd3@usnews.com,Female,241.254.31.164
473,Allard,Outhwaite,aouthwaited4@addthis.com,Male,23.41.90.187
474,Micaela,Radborn,mradbornd5@aol.com,Female,26.131.146.201
475,Andre,Rembrandt,arembrandtd6@technorati.com,Male,235.218.199.252
476,Carlie,Webling,cweblingd7@fda.gov,Male,19.54.219.75
477,Sioux,Catton,scattond8@netlog.com,Female,69.125.204.184
478,Vinni,Chance,vchanced9@about.com,Female,115.207.195.209
479,Lianne,Edgeson,ledgesonda@japanpost.jp,Female,222.199.169.84
480,Ev,Cestard,ecestarddb@de.vu,Male,79.202.43.1
481,Laureen,Tunuy,ltunuydc@webs.com,Female,106.253.107.137
482,Susette,Assandri,sassandridd@businesswire.com,Female,172.9.160.135
483,Faunie,Hullett,fhullettde@addthis.com,Female,11.186.7.125
484,Florie,Harston,fharstondf@twitter.com,Female,183.109.177.181
485,Isidor,Cawthra,icawthradg@senate.gov,Male,132.229.123.189
486,Madge,Boas,mboasdh@sbwire.com,Female,226.117.89.212
487,Niall,Spykins,nspykinsdi@wunderground.com,Male,214.139.23.201
488,Bevon,Lillyman,blillymandj@princeton.edu,Male,192.13.161.143
489,Hoebart,Arlow,harlowdk@usa.gov,Male,138.187.175.152
490,Read,Feehan,rfeehandl@nydailynews.com,Male,251.234.232.92
491,Ethan,Arthan,earthandm@wunderground.com,Male,141.185.115.77
492,Livy,Rideout,lrideoutdn@bbc.co.uk,Female,204.127.175.250
493,Traver,Stuckow,tstuckowdo@51.la,Male,155.192.167.134
494,Jedediah,Palley,jpalleydp@time.com,Male,38.79.167.235
495,Quentin,Mazdon,qmazdondq@tripadvisor.com,Male,191.242.26.81
496,Veradis,Gall,vgalldr@bandcamp.com,Female,151.185.24.243
497,Marcellina,Steer,msteerds@miitbeian.gov.cn,Female,39.66.0.125
498,Eolande,Sutliff,esutliffdt@wunderground.com,Female,143.3.208.11
499,Gilberta,Granger,ggrangerdu@time.com,Female,160.129.244.119
500,Friedrich,Folkes,ffolkesdv@dyndns.org,Male,113.107.76.145
501,Marley,La Torre,mlatorredw@fda.gov,Agender,229.245.80.246
502,Xaviera,Jozsa,xjozsadx@telegraph.co.uk,Genderfluid,49.198.11.136
503,Lindon,Fearon,lfearondy@hatena.ne.jp,Male,248.117.199.140
504,Tasia,Vynall,tvynalldz@51.la,Female,210.205.113.243
505,Marcelline,Danielian,mdanieliane0@dot.gov,Female,82.176.131.230
506,Lorena,Pember,lpembere1@mysql.com,Genderfluid,154.182.20.0
507,Gaston,Furst,gfurste2@arstechnica.com,Male,45.247.102.133
508,Ebonee,Kybbye,ekybbyee3@go.com,Female,68.7.82.104
509,Sherlock,Kondratenya,skondratenyae4@imgur.com,Bigender,0.138.181.139
510,Dani,Trowsdale,dtrowsdalee5@g.co,Female,133.144.6.140
511,Curtis,Birds,cbirdse6@joomla.org,Male,1.131.235.20
512,Bryan,Camacho,bcamachoe7@friendfeed.com,Male,1.88.64.101
513,Dino,Didsbury,ddidsburye8@slate.com,Agender,213.255.254.179
514,Deny,Olyfat,dolyfate9@posterous.com,Female,204.124.148.68
515,Meredith,Pasby,mpasbyea@flavors.me,Bigender,169.240.111.83
516,Bar,Ridwood,bridwoodeb@un.org,Male,245.102.142.41
517,Fernandina,Laurenceau,flaurenceauec@hud.gov,Female,220.251.123.51
518,Kit,Clissett,kclissetted@purevolume.com,Male,182.62.232.175
519,Georgie,Gookes,ggookesee@sitemeter.com,Agender,43.131.100.19
520,Silvan,Rigardeau,srigardeauef@usgs.gov,Male,92.81.5.217
521,Fredi,Tumasian,ftumasianeg@tinyurl.com,Female,237.117.222.97
522,Katee,Pillans,kpillanseh@histats.com,Female,23.188.177.240
523,Baudoin,Petow,bpetowei@state.tx.us,Male,184.250.180.32
524,Lilith,Esselin,lesselinej@shutterfly.com,Female,205.149.179.170
525,Lida,Setterfield,lsetterfieldek@wufoo.com,Female,132.27.96.4
526,Yelena,Caudray,ycaudrayel@ftc.gov,Female,11.52.229.63
527,Matty,Duligall,mduligallem@php.net,Female,159.174.248.72
528,Frederich,Puig,fpuigen@ameblo.jp,Male,226.38.152.134
529,Ambrose,Pibworth,apibwortheo@ezinearticles.com,Male,157.205.107.82
530,Alma,Brice,abriceep@1688.com,Female,10.167.180.58
531,Sarine,Simic,ssimiceq@miibeian.gov.cn,Female,45.205.58.23
532,Anni,Canti,acantier@nasa.gov,Female,37.108.154.242
533,Drucie,Zapata,dzapataes@gnu.org,Female,19.84.71.50
534,Mendie,Sedgmond,msedgmondet@wikimedia.org,Male,141.5.101.115
535,Beverlee,Snazle,bsnazleeu@odnoklassniki.ru,Agender,131.163.1.255
536,Benedicto,Argont,bargontev@mediafire.com,Male,212.217.215.213
537,Tessie,April,taprilew@nationalgeographic.com,Female,222.30.181.66
538,Gerladina,Leathlay,gleathlayex@cafepress.com,Female,111.95.224.206
539,Hatty,Boeck,hboeckey@adobe.com,Female,165.113.168.216
540,Conrad,Cordero,ccorderoez@discuz.net,Male,11.137.69.154
541,Costa,Densham,cdenshamf0@boston.com,Male,60.53.52.41
542,Dasi,McInnery,dmcinneryf1@dot.gov,Female,23.3.73.45
543,Keslie,Gentner,kgentnerf2@aboutads.info,Female,37.83.224.36
544,Alain,Gottschalk,agottschalkf3@redcross.org,Male,125.2.3.62
545,Aindrea,Syversen,asyversenf4@eventbrite.com,Female,79.53.180.115
546,Tommy,Writtle,twrittlef5@yahoo.com,Male,142.124.145.132
547,Babbie,Moffat,bmoffatf6@163.com,Female,117.157.44.93
548,Polly,Riccione,priccionef7@infoseek.co.jp,Female,79.194.129.192
549,Cicily,Speechley,cspeechleyf8@canalblog.com,Female,9.26.77.89
550,Demetra,Bushell,dbushellf9@storify.com,Female,47.152.144.5
551,Angele,Byres,abyresfa@msu.edu,Female,229.56.47.201
552,Shep,Sprulls,ssprullsfb@berkeley.edu,Genderqueer,198.208.105.246
553,Aridatha,Miles,amilesfc@cdc.gov,Female,11.151.193.233
554,Natalina,Menat,nmenatfd@wired.com,Female,49.196.4.137
555,Joey,Thor,jthorfe@hibu.com,Male,221.163.119.42
556,Artair,Mylechreest,amylechreestff@fotki.com,Genderqueer,38.103.132.154
557,Quentin,Swate,qswatefg@accuweather.com,Male,82.149.186.222
558,Lyndell,Kelley,lkelleyfh@dailymotion.com,Female,85.44.240.91
559,Falito,Gibbings,fgibbingsfi@sitemeter.com,Male,75.35.130.98
560,Denice,Petchell,dpetchellfj@oracle.com,Female,143.177.202.66
561,Callean,Cully,ccullyfk@si.edu,Male,227.150.248.160
562,Dave,Braemer,dbraemerfl@unblog.fr,Male,217.172.42.138
563,Emmeline,Hellin,ehellinfm@mit.edu,Female,13.70.224.179
564,Marchelle,Elener,melenerfn@devhub.com,Female,169.159.253.234
565,Cheston,Thuillier,cthuillierfo@friendfeed.com,Polygender,14.9.53.226
566,Alfred,Gallo,agallofp@slate.com,Male,22.186.143.238
567,Abrahan,Loding,alodingfq@bravesites.com,Male,187.167.138.35
568,Ahmed,Ditchfield,aditchfieldfr@tinypic.com,Male,166.70.155.198
569,Shannen,Challenger,schallengerfs@ucla.edu,Female,203.31.39.147
570,Lavina,Tuckley,ltuckleyft@yale.edu,Female,240.71.114.39
571,Allianora,Clougher,aclougherfu@theatlantic.com,Female,168.128.253.55
572,Filberte,Peacey,fpeaceyfv@google.pl,Male,136.208.2.67
573,Irma,Kid,ikidfw@webmd.com,Polygender,219.203.129.236
574,Ruby,Duddan,rduddanfx@elegantthemes.com,Female,19.78.234.250
575,Barbara-anne,Domerc,bdomercfy@delicious.com,Female,92.231.191.81
576,Konstantine,Treswell,ktreswellfz@apache.org,Male,19.129.246.241
577,Nikolai,Berkeley,nberkeleyg0@dailymail.co.uk,Male,2.218.209.215
578,Benedick,Challoner,bchallonerg1@baidu.com,Male,7.38.134.23
579,Cassius,Skellern,cskellerng2@admin.ch,Male,237.60.98.237
580,Smith,Tames,stamesg3@independent.co.uk,Male,93.155.146.177
581,Curr,Jaggs,cjaggsg4@phoca.cz,Male,136.165.241.227
582,Kyla,Upton,kuptong5@earthlink.net,Female,184.213.225.160
583,Eleonore,Bonifant,ebonifantg6@rakuten.co.jp,Genderqueer,104.2.36.10
584,Ban,Horche,bhorcheg7@ca.gov,Male,112.4.59.107
585,Ashil,Asplen,aaspleng8@youtube.com,Female,94.84.73.85
586,Davy,Banasik,dbanasikg9@jiathis.com,Agender,153.152.244.200
587,Barn,Sharpless,bsharplessga@irs.gov,Male,193.175.209.145
588,Martyn,Sentinella,msentinellagb@chronoengine.com,Genderqueer,34.76.229.11
589,Douglass,Dugald,ddugaldgc@unicef.org,Male,98.180.246.208
590,Gwenneth,Jaime,gjaimegd@prlog.org,Female,144.39.158.119
591,Timmie,Bernini,tberninige@com.com,Male,175.26.137.159
592,Elle,Dackombe,edackombegf@artisteer.com,Female,82.164.20.221
593,Dene,Brigge,dbriggegg@spotify.com,Male,128.174.13.144
594,Talbot,Corbridge,tcorbridgegh@ftc.gov,Male,71.162.148.109
595,Sylvan,Oake,soakegi@newsvine.com,Male,13.137.137.162
596,Esmaria,Barnshaw,ebarnshawgj@constantcontact.com,Genderfluid,255.53.132.206
597,Bent,Entwistle,bentwistlegk@psu.edu,Male,20.34.101.197
598,Brianne,Arrighini,barrighinigl@mediafire.com,Female,96.164.156.38
599,Aime,Gallehawk,agallehawkgm@pcworld.com,Female,163.7.247.94
600,Libby,Colaton,lcolatongn@dropbox.com,Female,17.113.225.173
601,Arv,Costellow,acostellowgo@sina.com.cn,Male,65.125.135.117
602,Chick,Bulmer,cbulmergp@deviantart.com,Male,223.190.149.239
603,Melamie,Flieg,mflieggq@sakura.ne.jp,Female,169.124.158.103
604,Dara,Lober,dlobergr@xrea.com,Female,124.233.96.227
605,Pammie,Kerfoot,pkerfootgs@printfriendly.com,Female,77.71.203.140
606,Carissa,Sprowson,csprowsongt@google.it,Female,244.89.110.130
607,Ruthy,Sciacovelli,rsciacovelligu@goodreads.com,Female,108.8.71.98
608,Clary,Lorey,cloreygv@bizjournals.com,Female,209.22.188.11
609,Adlai,Chicchelli,achicchelligw@dedecms.com,Male,87.228.103.234
610,Nichole,Bonome,nbonomegx@cargocollective.com,Male,238.11.199.64
611,Ashbey,Ricart,aricartgy@uol.com.br,Male,21.141.3.250
612,Mohandis,Pott,mpottgz@hatena.ne.jp,Male,151.81.7.204
613,Ahmed,Ratie,aratieh0@telegraph.co.uk,Male,201.189.58.103
614,Hilly,Lubman,hlubmanh1@tinyurl.com,Male,115.106.230.95
615,Ware,Dawdry,wdawdryh2@statcounter.com,Male,53.162.59.173
616,Darcie,Renfrew,drenfrewh3@reverbnation.com,Female,94.157.227.35
617,Loralyn,Lukovic,llukovich4@shinystat.com,Female,166.214.109.231
618,Brynna,Leese,bleeseh5@behance.net,Female,179.196.249.224
619,Brinna,Enrrico,benrricoh6@epa.gov,Female,220.215.169.232
620,Fancy,Semark,fsemarkh7@webs.com,Female,193.36.121.83
621,Alain,Quilty,aquiltyh8@yahoo.com,Male,29.122.63.237
622,Jessa,Hencke,jhenckeh9@artisteer.com,Female,113.226.167.220
623,Rosalia,Phillip,rphillipha@cisco.com,Female,125.10.145.22
624,Valeria,Aggis,vaggishb@pinterest.com,Female,149.201.166.134
625,Levon,Lorans,lloranshc@technorati.com,Male,13.53.101.133
626,Izak,Fewkes,ifewkeshd@lycos.com,Male,130.95.197.150
627,Elvis,Kerbler,ekerblerhe@java.com,Male,208.37.207.134
628,Linette,Zima,lzimahf@elegantthemes.com,Female,84.111.251.201
629,Dre,Runcieman,drunciemanhg@netlog.com,Female,31.139.248.15
630,Minnie,Conisbee,mconisbeehh@mediafire.com,Female,159.186.102.43
631,Helga,Fuzzey,hfuzzeyhi@cloudflare.com,Female,54.155.5.144
632,Frazier,Baumert,fbaumerthj@geocities.com,Male,5.100.185.39
633,Sigismondo,Teasdale-Markie,steasdalemarkiehk@prweb.com,Male,86.121.199.32
634,Lynett,Frend,lfrendhl@netlog.com,Female,129.159.204.63
635,Jermayne,Corneljes,jcorneljeshm@dropbox.com,Male,110.142.201.54
636,Culley,Faragher,cfaragherhn@umich.edu,Male,54.169.103.169
637,Elnar,Olensby,eolensbyho@unblog.fr,Male,224.158.39.4
638,Marita,Pawelczyk,mpawelczykhp@sciencedaily.com,Female,133.153.17.79
639,Nicole,Rahlof,nrahlofhq@goo.ne.jp,Female,195.174.29.123
640,Pammy,Greenan,pgreenanhr@etsy.com,Female,26.218.223.69
641,Maureen,Sheldon,msheldonhs@dot.gov,Female,13.160.251.123
642,Cherise,Gasnoll,cgasnollht@merriam-webster.com,Female,26.247.113.215
643,Kathlin,Towll,ktowllhu@ucla.edu,Female,186.225.234.235
644,Ruttger,Peinton,rpeintonhv@dropbox.com,Male,140.233.47.228
645,Marvin,Littleton,mlittletonhw@hugedomains.com,Male,83.47.80.111
646,Rod,Dadge,rdadgehx@vistaprint.com,Bigender,91.124.201.85
647,Jenilee,Jirieck,jjirieckhy@reverbnation.com,Female,235.130.214.65
648,Otho,Buckel,obuckelhz@google.ca,Male,1.87.189.152
649,Charley,Pegden,cpegdeni0@infoseek.co.jp,Male,37.193.45.60
650,Amory,Lowcock,alowcocki1@ocn.ne.jp,Male,185.175.168.126
651,Marleah,Burnet,mburneti2@dell.com,Female,211.52.239.112
652,Kalindi,Swift,kswifti3@bravesites.com,Female,171.104.119.34
653,Yehudit,Wondraschek,ywondrascheki4@discuz.net,Male,143.194.242.54
654,Dorolisa,Cubbit,dcubbiti5@theglobeandmail.com,Female,147.177.138.10
655,Harlan,Yarn,hyarni6@elpais.com,Agender,11.50.20.48
656,Ketti,Danielkiewicz,kdanielkiewiczi7@bing.com,Female,171.252.114.96
657,Westbrook,McAneny,wmcanenyi8@marriott.com,Male,166.133.244.227
658,Jilleen,Crab,jcrabi9@miitbeian.gov.cn,Female,27.133.195.57
659,Natty,Latta,nlattaia@home.pl,Genderfluid,219.75.30.189
660,Maryanna,Fend,mfendib@photobucket.com,Female,49.112.245.147
661,Seka,Gocher,sgocheric@usda.gov,Female,56.98.17.71
662,Joellyn,Ellicott,jellicottid@google.com.br,Female,179.163.22.187
663,Philis,Boij,pboijie@tmall.com,Female,99.103.161.239
664,Stanford,Revie,srevieif@state.tx.us,Male,89.253.224.74
665,El,Maddra,emaddraig@miibeian.gov.cn,Male,95.22.228.43
666,Meta,Rosoni,mrosoniih@unicef.org,Female,53.236.113.37
667,Shamus,Ockenden,sockendenii@oracle.com,Male,229.161.157.34
668,Essie,Gemlbett,egemlbettij@wp.com,Agender,161.45.176.97
669,Merry,Seeney,mseeneyik@reverbnation.com,Genderfluid,141.231.141.233
670,Berty,Morigan,bmoriganil@elegantthemes.com,Genderqueer,100.202.204.221
671,Riley,Ruckert,rruckertim@dyndns.org,Male,184.35.197.111
672,Garreth,Huthart,ghuthartin@livejournal.com,Male,129.77.49.6
673,Golda,Grady,ggradyio@skyrock.com,Female,26.128.165.233
674,Gwenneth,Labbez,glabbezip@blog.com,Female,22.142.232.73
675,Darrin,Aldus,daldusiq@domainmarket.com,Male,137.115.157.2
676,Carmel,Malsher,cmalsherir@hao123.com,Female,25.171.124.229
677,Rupert,Middlemiss,rmiddlemissis@etsy.com,Male,198.25.62.60
678,Keri,Sabattier,ksabattierit@nsw.gov.au,Agender,231.210.217.119
679,Almira,Tie,atieiu@yahoo.co.jp,Female,183.79.171.127
680,Ulrikaumeko,O'Mailey,uomaileyiv@epa.gov,Female,74.196.45.183
681,Ariana,Bowhey,abowheyiw@live.com,Female,208.43.77.29
682,Matilde,Van den Velden,mvandenveldenix@paypal.com,Genderfluid,10.14.217.124
683,Piper,Castaignet,pcastaignetiy@bravesites.com,Polygender,204.43.146.48
684,Cherie,Sambell,csambelliz@histats.com,Female,232.163.110.135
685,Hatti,Boord,hboordj0@mtv.com,Female,18.172.16.198
686,Hanni,Dwyer,hdwyerj1@oaic.gov.au,Female,6.200.156.37
687,Maxie,Gosker,mgoskerj2@columbia.edu,Female,221.230.128.78
688,Travus,Fosher,tfosherj3@clickbank.net,Male,102.135.170.40
689,Joseph,Joddins,jjoddinsj4@gov.uk,Male,169.146.97.124
690,Bord,Eilert,beilertj5@baidu.com,Male,21.215.86.251
691,Moshe,Clemente,mclementej6@w3.org,Male,41.242.87.11
692,Laurene,Mordie,lmordiej7@angelfire.com,Female,158.237.160.191
693,Guillaume,Muff,gmuffj8@huffingtonpost.com,Male,41.239.76.87
694,Inesita,Manser,imanserj9@earthlink.net,Female,205.92.171.5
695,Ania,Basindale,abasindaleja@newsvine.com,Female,191.123.65.27
696,Danica,Spybey,dspybeyjb@cbc.ca,Female,102.128.13.143
697,Justis,Guidetti,jguidettijc@exblog.jp,Agender,95.47.58.107
698,Matthiew,Lakin,mlakinjd@mtv.com,Polygender,198.104.53.31
699,Adrianna,Kave,akaveje@wsj.com,Female,179.4.214.193
700,Bari,Heathfield,bheathfieldjf@jigsy.com,Female,209.16.222.61
701,Meris,Delete,mdeletejg@wunderground.com,Female,127.111.75.182
702,Broddie,Emptage,bemptagejh@aboutads.info,Male,225.22.153.198
703,Prudy,Danilovitch,pdanilovitchji@storify.com,Genderfluid,9.222.225.167
704,Vite,Lymbourne,vlymbournejj@ebay.com,Male,198.92.105.32
705,Dexter,O'Carney,docarneyjk@lulu.com,Male,186.135.120.221
706,Romola,De La Salle,rdelasallejl@washingtonpost.com,Female,68.235.23.17
707,Xymenes,Skains,xskainsjm@umich.edu,Male,96.201.250.225
708,Lynette,Patesel,lpateseljn@house.gov,Female,33.59.227.142
709,Gunther,Goldin,ggoldinjo@techcrunch.com,Male,12.61.100.218
710,Josephina,Killen,jkillenjp@fastcompany.com,Female,84.115.44.155
711,Lucine,Podbury,lpodburyjq@theatlantic.com,Genderfluid,61.1.44.242
712,Dotti,Spours,dspoursjr@g.co,Genderqueer,12.195.94.97
713,Rog,Glentz,rglentzjs@myspace.com,Male,234.230.70.70
714,Lily,Chidgey,lchidgeyjt@thetimes.co.uk,Female,31.219.8.227
715,Fayette,Rosenfrucht,frosenfruchtju@themeforest.net,Female,253.131.193.24
716,Louella,Godwin,lgodwinjv@usgs.gov,Female,36.215.110.54
717,Gibby,Lindhe,glindhejw@multiply.com,Male,25.79.216.97
718,Denys,Medhurst,dmedhurstjx@cnbc.com,Male,192.112.204.96
719,Hillard,Shemelt,hshemeltjy@economist.com,Male,90.199.57.89
720,Mella,Nockles,mnocklesjz@timesonline.co.uk,Female,39.51.217.239
721,Debbi,Monday,dmondayk0@mayoclinic.com,Female,107.143.101.88
722,Christos,Scutter,cscutterk1@eventbrite.com,Male,137.194.115.95
723,Patience,Holbarrow,pholbarrowk2@bing.com,Female,192.32.181.61
724,Trace,Doore,tdoorek3@si.edu,Male,185.14.97.242
725,Gabby,Brockhouse,gbrockhousek4@addthis.com,Male,182.249.219.152
726,Michael,Szachniewicz,mszachniewiczk5@mozilla.com,Male,64.45.92.48
727,Zuzana,Darlington,zdarlingtonk6@unblog.fr,Female,25.145.22.121
728,Filberte,Adds,faddsk7@answers.com,Male,87.103.17.138
729,Esdras,Glendzer,eglendzerk8@examiner.com,Male,163.126.156.38
730,Dela,Rosenkranc,drosenkranck9@amazon.co.uk,Non-binary,13.228.46.73
731,Gilbert,Sergent,gsergentka@amazonaws.com,Male,61.33.70.218
732,Wilma,Derobert,wderobertkb@slate.com,Non-binary,44.177.7.251
733,Iorgo,Gilcriest,igilcriestkc@howstuffworks.com,Male,75.224.128.133
734,Ivar,Sangwine,isangwinekd@sakura.ne.jp,Male,31.122.81.86
735,Sinclare,Sargeant,ssargeantke@paginegialle.it,Male,234.188.192.90
736,Ruthi,Emilien,remilienkf@cocolog-nifty.com,Female,114.176.235.96
737,Daisey,Saffill,dsaffillkg@reddit.com,Non-binary,153.95.254.135
738,Hubie,Sillwood,hsillwoodkh@youku.com,Male,102.90.57.145
739,Romy,Winspear,rwinspearki@over-blog.com,Female,163.250.20.233
740,Shayna,Blayney,sblayneykj@mapy.cz,Female,105.223.48.249
741,Libby,Normand,lnormandkk@globo.com,Female,238.137.145.93
742,Sibilla,Meech,smeechkl@apache.org,Female,115.48.220.192
743,Nichols,Liversedge,nliversedgekm@slate.com,Male,126.160.212.164
744,Linnea,Prattington,lprattingtonkn@msn.com,Female,78.48.201.192
745,Emilee,Harrinson,eharrinsonko@cnet.com,Female,43.152.90.211
746,Floria,Duffitt,fduffittkp@hao123.com,Female,239.78.46.137
747,Harwilll,Herity,hheritykq@drupal.org,Male,121.243.193.96
748,Riki,Blaxley,rblaxleykr@japanpost.jp,Female,161.163.2.78
749,Gib,Ciubutaro,gciubutaroks@cbc.ca,Male,65.226.87.211
750,Shani,Siccombe,ssiccombekt@skyrock.com,Female,146.19.128.80
751,Ceciley,Goodbanne,cgoodbanneku@ask.com,Female,4.195.35.102
752,Janeva,Benfield,jbenfieldkv@howstuffworks.com,Agender,218.4.148.196
753,Derrick,Stollmeyer,dstollmeyerkw@naver.com,Male,184.233.177.85
754,Zared,Diver,zdiverkx@list-manage.com,Male,242.203.40.239
755,Mikel,Tolley,mtolleyky@yelp.com,Male,77.74.24.158
756,Tory,Hadwen,thadwenkz@upenn.edu,Female,40.85.91.222
757,Chick,Boydon,cboydonl0@1688.com,Male,199.223.13.48
758,Amery,Walisiak,awalisiakl1@moonfruit.com,Male,221.11.154.252
759,Decca,Spicer,dspicerl2@wikipedia.org,Male,29.207.218.68
760,Adriena,Kitcherside,akitchersidel3@toplist.cz,Female,175.2.166.208
761,Enrika,Rappport,erappportl4@eventbrite.com,Female,229.252.61.239
762,Dyna,Cock,dcockl5@nhs.uk,Female,245.136.42.214
763,Francine,Helm,fhelml6@marriott.com,Female,252.205.46.160
764,See,Oxburgh,soxburghl7@google.com.hk,Male,197.106.223.202
765,Isabeau,Vasilechko,ivasilechkol8@elpais.com,Female,137.117.176.98
766,Netti,Vasyukhnov,nvasyukhnovl9@buzzfeed.com,Female,215.43.48.231
767,Tanney,Waller-Bridge,twallerbridgela@mashable.com,Male,140.208.191.223
768,Shae,Elcom,selcomlb@bloglines.com,Female,43.23.133.35
769,Aeriela,Splevin,asplevinlc@paypal.com,Female,243.4.177.114
770,Reeba,Claige,rclaigeld@constantcontact.com,Female,85.204.140.232
771,Marlin,Ridewood,mridewoodle@columbia.edu,Male,220.5.32.216
772,Malachi,Hansbury,mhansburylf@time.com,Agender,92.135.120.230
773,Urbanus,Probey,uprobeylg@psu.edu,Male,9.240.24.161
774,Clarabelle,Fargher,cfargherlh@mtv.com,Female,46.218.96.171
775,Loutitia,Vaadeland,lvaadelandli@dmoz.org,Female,86.234.229.86
776,Jordon,Ballantine,jballantinelj@is.gd,Male,145.159.130.222
777,Brinn,Jentin,bjentinlk@xrea.com,Female,234.57.194.249
778,Bibbie,Chark,bcharkll@lulu.com,Female,34.44.51.103
779,Evan,Bramham,ebramhamlm@pbs.org,Male,151.19.165.209
780,Bertine,Grief,bgriefln@naver.com,Female,132.140.203.76
781,Hasheem,Obert,hobertlo@arstechnica.com,Male,40.230.199.21
782,Mallory,Brownhall,mbrownhalllp@vkontakte.ru,Female,96.197.157.238
783,Gwennie,Burgen,gburgenlq@joomla.org,Female,200.241.134.90
784,Camey,Ridesdale,cridesdalelr@wikispaces.com,Male,167.202.121.70
785,Slade,Bestiman,sbestimanls@nationalgeographic.com,Male,16.183.250.11
786,Adrienne,Lazar,alazarlt@amazonaws.com,Agender,117.163.254.81
787,Tabbie,Teideman,tteidemanlu@1688.com,Male,243.199.150.157
788,Catharina,Resun,cresunlv@cisco.com,Female,91.236.22.96
789,Cammy,Connal,cconnallw@omniture.com,Female,103.180.9.122
790,Delcine,Danaher,ddanaherlx@ca.gov,Female,221.158.130.49
791,Yolanda,Hailwood,yhailwoodly@tuttocitta.it,Female,26.215.77.77
792,Drud,Wearn,dwearnlz@google.ca,Male,40.245.92.197
793,Papageno,Friberg,pfribergm0@wsj.com,Male,12.253.143.169
794,Teresita,Roebuck,troebuckm1@ask.com,Female,234.96.144.137
795,Cymbre,Steanyng,csteanyngm2@mashable.com,Female,248.121.253.200
796,Montague,Pfeiffer,mpfeifferm3@plala.or.jp,Male,95.171.63.54
797,Anders,Maliphant,amaliphantm4@altervista.org,Male,124.207.249.37
798,Elwin,Waldocke,ewaldockem5@sourceforge.net,Male,228.201.148.68
799,Wakefield,Bushrod,wbushrodm6@mapquest.com,Male,100.5.99.222
800,Chas,Sloss,cslossm7@tinyurl.com,Male,128.228.206.68
801,Worth,Witsey,wwitseym8@barnesandnoble.com,Male,185.136.20.38
802,Oby,Marczyk,omarczykm9@nhs.uk,Male,39.0.15.204
803,Elane,Delmonti,edelmontima@free.fr,Female,83.192.55.84
804,Jaquenetta,Chetter,jchettermb@i2i.jp,Female,2.48.13.250
805,Hetti,Brammall,hbrammallmc@utexas.edu,Female,94.58.238.62
806,Tanitansy,Baigent,tbaigentmd@aboutads.info,Female,76.253.0.4
807,Alejandra,Barensky,abarenskyme@wisc.edu,Female,229.250.156.113
808,Jayson,Calley,jcalleymf@webmd.com,Male,103.81.114.126
809,Bartholomew,Codling,bcodlingmg@51.la,Male,255.159.184.43
810,Silvie,Scothron,sscothronmh@parallels.com,Female,249.46.96.200
811,Abigail,Whittuck,awhittuckmi@merriam-webster.com,Female,176.177.92.162
812,Laural,Kirkebye,lkirkebyemj@altervista.org,Female,34.192.27.195
813,Olwen,Congdon,ocongdonmk@clickbank.net,Female,44.85.115.174
814,Kienan,Gimber,kgimberml@jalbum.net,Male,222.79.232.110
815,Alecia,Vicioso,aviciosomm@feedburner.com,Female,31.222.59.78
816,Phylys,Abel,pabelmn@amazon.de,Female,89.18.150.84
817,Ferrel,Bodicam,fbodicammo@feedburner.com,Male,55.113.146.128
818,Gareth,Walsham,gwalshammp@walmart.com,Male,230.178.148.252
819,David,Ruck,druckmq@upenn.edu,Male,14.253.243.93
820,Any,Alenin,aaleninmr@unc.edu,Male,97.234.14.86
821,Elinor,Hollindale,ehollindalems@over-blog.com,Bigender,33.169.88.139
822,Ertha,Galloway,egallowaymt@bluehost.com,Female,193.10.64.73
823,Trever,McClenaghan,tmcclenaghanmu@shutterfly.com,Male,138.4.186.85
824,Conrad,Giacaponi,cgiacaponimv@simplemachines.org,Bigender,13.33.157.213
825,Truda,Slate,tslatemw@foxnews.com,Female,241.170.80.186
826,Cirillo,Hatt,chattmx@sciencedirect.com,Male,227.185.191.248
827,Quentin,Chittey,qchitteymy@cpanel.net,Male,24.237.176.202
828,Westleigh,Boutell,wboutellmz@goodreads.com,Male,225.145.45.229
829,Roobbie,Speek,rspeekn0@sogou.com,Female,142.45.2.49
830,Rusty,Cassel,rcasseln1@java.com,Male,37.51.14.211
831,Maye,Callcott,mcallcottn2@toplist.cz,Female,242.217.35.116
832,Georgena,Gimblett,ggimblettn3@plala.or.jp,Female,16.30.128.31
833,Julienne,Leif,jleifn4@biglobe.ne.jp,Female,176.71.65.91
834,Erika,Havill,ehavilln5@weibo.com,Female,171.234.66.183
835,Patin,Sizeland,psizelandn6@xrea.com,Male,197.214.14.135
836,Georgy,Petrelluzzi,gpetrelluzzin7@yahoo.com,Male,186.148.169.240
837,Aeriel,Hrus,ahrusn8@army.mil,Female,247.152.199.162
838,Dulcy,Ferencowicz,dferencowiczn9@csmonitor.com,Female,92.57.85.83
839,Barron,Daveran,bdaveranna@livejournal.com,Male,48.171.43.93
840,Vivien,Jeannesson,vjeannessonnb@time.com,Female,84.144.167.26
841,Javier,Furbank,jfurbanknc@ycombinator.com,Male,6.166.20.23
842,Randell,Paulitschke,rpaulitschkend@google.com.au,Male,211.50.79.9
843,Ichabod,Gowdridge,igowdridgene@aol.com,Male,87.162.202.67
844,Jenelle,Gresley,jgresleynf@geocities.com,Female,167.145.207.175
845,Harald,Gravenall,hgravenallng@cloudflare.com,Male,107.56.135.103
846,Fredric,Tarpey,ftarpeynh@angelfire.com,Male,183.255.3.167
847,Corby,Owtram,cowtramni@macromedia.com,Male,160.195.17.105
848,Murdock,Boame,mboamenj@dropbox.com,Male,247.42.243.164
849,Cirstoforo,Fox,cfoxnk@jugem.jp,Male,203.83.168.207
850,Kellby,Jest,kjestnl@tripod.com,Male,65.113.48.89
851,Denny,Rapi,drapinm@yahoo.com,Male,42.1.194.13
852,Ali,Matijasevic,amatijasevicnn@bluehost.com,Bigender,22.53.75.197
853,Curtis,Frobisher,cfrobisherno@digg.com,Male,9.214.164.166
854,Jard,Cesconi,jcesconinp@cpanel.net,Male,220.233.246.68
855,Bale,Pettit,bpettitnq@github.com,Male,97.195.30.130
856,Dyan,Westley,dwestleynr@yahoo.co.jp,Female,6.215.245.143
857,Kelly,Kelsow,kkelsowns@linkedin.com,Male,146.200.94.89
858,Valentijn,Tilt,vtiltnt@nps.gov,Male,17.149.50.90
859,Lacey,Pearman,lpearmannu@ox.ac.uk,Female,178.60.73.17
860,Alfy,Cleiment,acleimentnv@elpais.com,Male,117.27.240.74
861,Liz,Carswell,lcarswellnw@bloglovin.com,Female,86.245.196.75
862,Joel,Mimmack,jmimmacknx@networksolutions.com,Bigender,108.83.69.223
863,Angelita,McAviy,amcaviyny@washingtonpost.com,Female,205.3.134.172
864,Letitia,Heinsh,lheinshnz@tinyurl.com,Female,139.145.147.38
865,Winnie,Brock,wbrocko0@meetup.com,Male,38.115.240.41
866,Pollyanna,Nares,pnareso1@reverbnation.com,Non-binary,41.69.188.64
867,Ned,Patrono,npatronoo2@last.fm,Male,99.184.22.115
868,Lexine,Gummow,lgummowo3@multiply.com,Genderfluid,118.135.42.234
869,Quincy,Somerfield,qsomerfieldo4@g.co,Male,74.26.9.232
870,Katerina,Luto,klutoo5@typepad.com,Female,36.137.184.105
871,Zachariah,Dener,zdenero6@pcworld.com,Male,236.59.195.7
872,Haleigh,Clemmett,hclemmetto7@yandex.ru,Female,64.217.0.83
873,Ag,Spritt,aspritto8@ucoz.com,Female,21.40.246.18
874,Ashely,Morsley,amorsleyo9@foxnews.com,Non-binary,118.38.193.35
875,Matilda,Souch,msouchoa@ibm.com,Female,149.204.61.149
876,Syd,Hagergham,shagerghamob@paginegialle.it,Male,131.220.2.42
877,Merrilee,Lapthorne,mlapthorneoc@alexa.com,Female,224.68.172.93
878,Cletus,Moresby,cmoresbyod@etsy.com,Male,121.165.60.132
879,Sibylle,Filshin,sfilshinoe@alibaba.com,Female,197.215.129.211
880,Adriaens,Eastbrook,aeastbrookof@wired.com,Female,129.56.240.138
881,Miner,Laight,mlaightog@stumbleupon.com,Male,71.211.188.22
882,Bree,Farrand,bfarrandoh@arizona.edu,Female,2.14.223.147
883,Muffin,Vedntyev,mvedntyevoi@prnewswire.com,Female,147.220.21.171
884,Gerty,Belbin,gbelbinoj@blogs.com,Female,30.2.143.9
885,Bamby,Cantero,bcanterook@harvard.edu,Female,0.186.36.21
886,Lucina,Dibley,ldibleyol@tripadvisor.com,Female,240.238.114.173
887,Julio,Hards,jhardsom@youku.com,Male,2.167.116.0
888,Darcy,Reuther,dreutheron@stumbleupon.com,Female,119.9.83.159
889,Ignaz,Ashfold,iashfoldoo@wunderground.com,Male,16.132.250.47
890,Lyman,York,lyorkop@de.vu,Male,30.101.224.161
891,Hermie,Scutchin,hscutchinoq@businessweek.com,Male,18.193.228.158
892,Shirlee,McKeachie,smckeachieor@cam.ac.uk,Female,86.45.4.98
893,Nelle,Zettler,nzettleros@umn.edu,Female,11.135.116.131
894,Portie,Tumilty,ptumiltyot@instagram.com,Male,7.153.72.130
895,Virgina,Skevington,vskevingtonou@biglobe.ne.jp,Female,93.125.130.203
896,Delphinia,Drane,ddraneov@cargocollective.com,Female,247.53.235.188
897,Sindee,Isaksen,sisaksenow@ebay.co.uk,Female,189.104.251.209
898,Tucky,Fritschmann,tfritschmannox@ezinearticles.com,Male,148.101.244.240
899,Tracie,Jervis,tjervisoy@rakuten.co.jp,Male,1.155.95.211
900,Ban,Duding,bdudingoz@t.co,Male,51.172.251.153
901,Demetre,Hawker,dhawkerp0@merriam-webster.com,Male,243.236.45.188
902,Dodi,Long,dlongp1@dmoz.org,Female,169.55.216.40
903,Judy,Fernehough,jfernehoughp2@fda.gov,Female,93.116.28.116
904,Mame,Wadsworth,mwadsworthp3@wordpress.com,Female,252.209.29.169
905,Glenine,Pea,gpeap4@skyrock.com,Bigender,193.22.3.236
906,Tallie,Izkovici,tizkovicip5@t.co,Female,1.69.173.161
907,Daisy,Mazillius,dmazilliusp6@shop-pro.jp,Female,145.42.15.213
908,L;urette,Sandcroft,lsandcroftp7@nymag.com,Non-binary,100.106.244.207
909,Cherlyn,Keynes,ckeynesp8@bluehost.com,Female,238.86.78.133
910,Jareb,Tumilson,jtumilsonp9@booking.com,Male,74.49.253.30
911,Ferguson,Jobbins,fjobbinspa@icio.us,Male,126.185.205.49
912,Bunny,D'Ambrosi,bdambrosipb@mashable.com,Female,123.131.221.252
913,Annaliese,Puttnam,aputtnampc@berkeley.edu,Female,17.199.229.172
914,Becca,Hucklesby,bhucklesbypd@uiuc.edu,Female,93.30.26.124
915,Reagen,Wetherburn,rwetherburnpe@mlb.com,Male,31.66.91.80
916,Willette,Matysik,wmatysikpf@opensource.org,Female,127.233.97.116
917,Deborah,Bouch,dbouchpg@elpais.com,Female,196.239.36.92
918,Cary,Kulvear,ckulvearph@rediff.com,Female,10.174.228.211
919,Emmalynn,Lapworth,elapworthpi@tinyurl.com,Female,217.3.118.67
920,Durante,McGeffen,dmcgeffenpj@umich.edu,Male,171.83.138.124
921,Sascha,Pendlenton,spendlentonpk@dion.ne.jp,Male,44.244.196.181
922,Evangeline,Fawthrop,efawthroppl@google.com.br,Female,47.48.131.119
923,Shirlene,Terran,sterranpm@harvard.edu,Female,151.78.196.211
924,Angel,MacDermand,amacdermandpn@dell.com,Male,141.30.105.252
925,Trip,Grolle,tgrollepo@wired.com,Male,70.248.73.178
926,Alidia,Strodder,astrodderpp@google.com.br,Female,105.98.27.180
927,Douglass,Duchateau,dduchateaupq@google.it,Male,134.1.47.69
928,Franciska,Kaines,fkainespr@unc.edu,Female,51.98.139.103
929,Shermy,Massei,smasseips@tinyurl.com,Polygender,255.46.22.133
930,Ashbey,Mackett,amackettpt@icio.us,Male,11.7.143.110
931,Vannie,Olivari,volivaripu@chicagotribune.com,Female,255.186.41.70
932,Torin,Shitliffe,tshitliffepv@sogou.com,Male,54.26.167.0
933,Adeline,Cadany,acadanypw@cpanel.net,Female,112.124.23.101
934,Teodor,Pabst,tpabstpx@odnoklassniki.ru,Male,128.129.41.153
935,Kalvin,Crannage,kcrannagepy@blog.com,Male,24.25.84.27
936,Flossy,Stanfield,fstanfieldpz@spiegel.de,Genderfluid,227.199.78.217
937,Morton,Boase,mboaseq0@4shared.com,Male,222.229.125.84
938,Maddalena,Dwyr,mdwyrq1@ucoz.com,Female,97.38.17.15
939,Westbrooke,Stallworth,wstallworthq2@ca.gov,Male,232.236.25.214
940,Frasier,O'Bradden,fobraddenq3@xing.com,Male,249.221.106.155
941,Karoline,Nanson,knansonq4@bloomberg.com,Female,116.195.144.80
942,Godfree,Butchard,gbutchardq5@wordpress.com,Male,28.149.146.79
943,Briant,Lates,blatesq6@dell.com,Male,145.54.199.218
944,Malia,Nutton,mnuttonq7@lycos.com,Female,238.68.160.189
945,Erica,Verrill,everrillq8@alexa.com,Female,243.132.167.73
946,Holly,Gobert,hgobertq9@telegraph.co.uk,Female,154.200.246.32
947,Fabio,Reck,freckqa@furl.net,Male,86.250.152.90
948,Grantley,Wrefford,gwreffordqb@behance.net,Male,9.65.253.127
949,Vinnie,Carlens,vcarlensqc@boston.com,Female,75.40.156.127
950,Rana,Thripp,rthrippqd@adobe.com,Female,156.105.98.92
951,Violet,Bearsmore,vbearsmoreqe@pagesperso-orange.fr,Female,100.35.15.125
952,Juli,Smiz,jsmizqf@xinhuanet.com,Female,172.3.82.242
953,Ryann,Nobriga,rnobrigaqg@statcounter.com,Female,195.65.224.69
954,Lemar,Marchbank,lmarchbankqh@aol.com,Male,56.239.101.46
955,Wilow,Bowdery,wbowderyqi@oaic.gov.au,Female,114.109.52.95
956,Hedvig,Jurgen,hjurgenqj@loc.gov,Female,99.199.134.180
957,Elisabeth,Bridel,ebridelqk@ihg.com,Polygender,39.246.143.75
958,Ignatius,Cossington,icossingtonql@omniture.com,Male,80.37.101.200
959,Dominic,Giampietro,dgiampietroqm@nhs.uk,Male,212.133.1.241
960,Geri,Chaperlin,gchaperlinqn@arstechnica.com,Male,245.16.161.148
961,York,McOwan,ymcowanqo@wsj.com,Male,246.31.228.254
962,Solomon,Havers,shaversqp@vkontakte.ru,Male,126.228.190.100
963,Waverly,Halesworth,whalesworthqq@lycos.com,Male,251.133.177.129
964,Rebeka,Mill,rmillqr@smh.com.au,Female,96.67.75.60
965,Dulcine,Kimmins,dkimminsqs@ft.com,Genderqueer,158.41.113.88
966,Berna,Doodson,bdoodsonqt@dailymotion.com,Female,83.145.13.239
967,Christopher,Melmoth,cmelmothqu@slideshare.net,Male,54.5.254.43
968,Elmira,Thompson,ethompsonqv@feedburner.com,Female,66.75.147.241
969,Isabella,Plumstead,iplumsteadqw@constantcontact.com,Female,127.232.116.98
970,Shir,Ilyas,silyasqx@ehow.com,Female,252.137.58.2
971,Barby,Yokelman,byokelmanqy@tuttocitta.it,Genderfluid,195.41.247.210
972,Jenn,Marval,jmarvalqz@ifeng.com,Female,179.94.198.51
973,Torrin,Dobbinson,tdobbinsonr0@soundcloud.com,Male,223.118.74.56
974,Ashlie,Conneely,aconneelyr1@mtv.com,Female,86.54.57.140
975,Oliviero,Halwood,ohalwoodr2@a8.net,Polygender,39.119.223.65
976,Roley,Blaszczynski,rblaszczynskir3@mit.edu,Male,108.188.248.54
977,Gilberto,Bramhill,gbramhillr4@google.ru,Male,189.182.255.19
978,Roth,Rudyard,rrudyardr5@theglobeandmail.com,Male,122.82.66.23
979,Cynde,Santora,csantorar6@last.fm,Female,143.175.163.58
980,Else,Errichi,eerrichir7@netlog.com,Female,71.200.54.212
981,Velvet,Frail,vfrailr8@smugmug.com,Female,229.116.243.199
982,Etienne,Della Scala,edellascalar9@netscape.com,Male,64.255.32.22
983,Daile,Algie,dalgiera@facebook.com,Female,198.230.132.238
984,Glynn,Salzburg,gsalzburgrb@hubpages.com,Male,5.178.162.223
985,Glenine,Fendley,gfendleyrc@digg.com,Genderfluid,24.76.130.102
986,Warde,Dymidowski,wdymidowskird@epa.gov,Male,218.149.62.248
987,Dimitri,Unwin,dunwinre@amazon.com,Male,38.159.166.8
988,Beauregard,Larkby,blarkbyrf@toplist.cz,Male,182.148.119.162
989,Dugald,Bryden,dbrydenrg@nsw.gov.au,Male,145.101.85.22
990,Mandi,McGrirl,mmcgrirlrh@smugmug.com,Female,45.209.75.10
991,Lynn,Stailey,lstaileyri@discuz.net,Male,216.179.59.222
992,Lev,Guiso,lguisorj@cisco.com,Male,156.5.170.234
993,Joete,Pecey,jpeceyrk@alibaba.com,Female,68.83.38.1
994,Brunhilde,Rangle,branglerl@barnesandnoble.com,Genderqueer,108.149.70.228
995,Aurel,Carberry,acarberryrm@google.com.au,Female,179.8.189.216
996,Cher,Rohloff,crohloffrn@deviantart.com,Female,124.207.25.228
997,Sutherland,Litchfield,slitchfieldro@psu.edu,Male,20.217.191.175
998,Richy,Scholfield,rscholfieldrp@eepurl.com,Male,181.104.98.146
999,Helene,Jolliss,hjollissrq@alexa.com,Female,200.224.52.253
1000,Christiane,Macias,cmaciasrr@theglobeandmail.com,Female,38.120.99.105
